rank,name,contact_email,total_score,subject,body
1,Vega Group,contact@vegagroup.example.com,100.0,EUR 1.5M seed - AI-assisted radiology platform (DACH fit),"Hi Vega Group team,

Given Vega Group's focus on Radiology AI and your work with companies like RehabLoop, I wanted to share an Austrian MedTech startup we believe fits your thesis: an AI-assisted radiology platform automating scan analysis and structured reporting, live in 3 hospital pilots with a CE/MDR pathway underway.

We are raising a EUR 1.5M seed round with tickets from EUR 250K, and your Seed sweet spot matches where we are. Happy to share the deck and pilot data if useful.

Best regards,
Om Rana"
2,Linden Growth,contact@lindengrowth.example.com,100.0,EUR 1.5M seed - AI-assisted radiology platform (DACH fit),"Hi Linden Growth team,

Given Linden Growth's focus on Diagnostics and your work with companies like Radiant Dx, I wanted to share an Austrian MedTech startup we believe fits your thesis: an AI-assisted radiology platform automating scan analysis and structured reporting, live in 3 hospital pilots with a CE/MDR pathway underway.

We are raising a EUR 1.5M seed round with tickets from EUR 250K, and your Seed sweet spot matches where we are. Happy to share the deck and pilot data if useful.

Best regards,
Om Rana"
3,Zurich Holding,contact@zurichholding.example.com,96.0,EUR 1.5M seed - AI-assisted radiology platform (DACH fit),"Hi Zurich Holding team,

Given Zurich Holding's focus on AI in Healthcare and your work with companies like TriageOS, I wanted to share an Austrian MedTech startup we believe fits your thesis: an AI-assisted radiology platform automating scan analysis and structured reporting, live in 3 hospital pilots with a CE/MDR pathway underway.

We are raising a EUR 1.5M seed round with tickets from EUR 250K, and your Seed sweet spot matches where we are. Happy to share the deck and pilot data if useful.

Best regards,
Om Rana"
4,Signal Venture Partners,contact@signalventurepartners.example.com,96.0,EUR 1.5M seed - AI-assisted radiology platform (DACH fit),"Hi Signal Venture Partners team,

Given Signal Venture Partners's focus on Medical Devices and your work with companies like TriageOS, I wanted to share an Austrian MedTech startup we believe fits your thesis: an AI-assisted radiology platform automating scan analysis and structured reporting, live in 3 hospital pilots with a CE/MDR pathway underway.

We are raising a EUR 1.5M seed round with tickets from EUR 250K, and your Pre-Seed sweet spot matches where we are. Happy to share the deck and pilot data if useful.

Best regards,
Om Rana"
5,Hansa Ventures,contact@hansaventures.example.com,96.0,EUR 1.5M seed - AI-assisted radiology platform (DACH fit),"Hi Hansa Ventures team,

Given Hansa Ventures's focus on Radiology AI and your work with companies like DermaCheck, I wanted to share an Austrian MedTech startup we believe fits your thesis: an AI-assisted radiology platform automating scan analysis and structured reporting, live in 3 hospital pilots with a CE/MDR pathway underway.

We are raising a EUR 1.5M seed round with tickets from EUR 250K, and your Seed sweet spot matches where we are. Happy to share the deck and pilot data if useful.

Best regards,
Om Rana"
6,Marble Venture Partners,contact@marbleventurepartners.example.com,96.0,EUR 1.5M seed - AI-assisted radiology platform (DACH fit),"Hi Marble Venture Partners team,

Given Marble Venture Partners's focus on Digital Health and your work with companies like RehabLoop, I wanted to share an Austrian MedTech startup we believe fits your thesis: an AI-assisted radiology platform automating scan analysis and structured reporting, live in 3 hospital pilots with a CE/MDR pathway underway.

We are raising a EUR 1.5M seed round with tickets from EUR 250K, and your Pre-Seed sweet spot matches where we are. Happy to share the deck and pilot data if useful.

Best regards,
Om Rana"
7,Quantum Venture Partners,contact@quantumventurepartners.example.com,96.0,EUR 1.5M seed - AI-assisted radiology platform (DACH fit),"Hi Quantum Venture Partners team,

Given Quantum Venture Partners's focus on AI in Healthcare and your work with companies like MediNotes, I wanted to share an Austrian MedTech startup we believe fits your thesis: an AI-assisted radiology platform automating scan analysis and structured reporting, live in 3 hospital pilots with a CE/MDR pathway underway.

We are raising a EUR 1.5M seed round with tickets from EUR 250K, and your Seed sweet spot matches where we are. Happy to share the deck and pilot data if useful.

Best regards,
Om Rana"
8,Donau Partners,contact@donaupartners.example.com,96.0,EUR 1.5M seed - AI-assisted radiology platform (DACH fit),"Hi Donau Partners team,

Given Donau Partners's focus on HealthTech and your work with companies like PathLens, I wanted to share an Austrian MedTech startup we believe fits your thesis: an AI-assisted radiology platform automating scan analysis and structured reporting, live in 3 hospital pilots with a CE/MDR pathway underway.

We are raising a EUR 1.5M seed round with tickets from EUR 250K, and your Seed sweet spot matches where we are. Happy to share the deck and pilot data if useful.

Best regards,
Om Rana"
9,Helix Group,contact@helixgroup.example.com,95.2,EUR 1.5M seed - AI-assisted radiology platform (Europe fit),"Hi Helix Group team,

Given Helix Group's focus on Radiology AI and your work with companies like Radiant Dx, I wanted to share an Austrian MedTech startup we believe fits your thesis: an AI-assisted radiology platform automating scan analysis and structured reporting, live in 3 hospital pilots with a CE/MDR pathway underway.

We are raising a EUR 1.5M seed round with tickets from EUR 250K, and your Pre-Seed sweet spot matches where we are. Happy to share the deck and pilot data if useful.

Best regards,
Om Rana"
10,Baltic Vermögensverwaltung,contact@balticvermoegensverwaltu.example.com,95.2,EUR 1.5M seed - AI-assisted radiology platform (Europe fit),"Hi Baltic Vermögensverwaltung team,

Given Baltic Vermögensverwaltung's focus on Medical Devices and your work with companies like VitalGraph, I wanted to share an Austrian MedTech startup we believe fits your thesis: an AI-assisted radiology platform automating scan analysis and structured reporting, live in 3 hospital pilots with a CE/MDR pathway underway.

We are raising a EUR 1.5M seed round with tickets from EUR 250K, and your Seed sweet spot matches where we are. Happy to share the deck and pilot data if useful.

Best regards,
Om Rana"
11,Delta VC,contact@deltavc.example.com,94.7,EUR 1.5M seed - AI-assisted radiology platform (DACH fit),"Hi Delta VC team,

Given Delta VC's focus on Medical Devices and your work with companies like MediNotes, I wanted to share an Austrian MedTech startup we believe fits your thesis: an AI-assisted radiology platform automating scan analysis and structured reporting, live in 3 hospital pilots with a CE/MDR pathway underway.

We are raising a EUR 1.5M seed round with tickets from EUR 250K, and your Seed sweet spot matches where we are. Happy to share the deck and pilot data if useful.

Best regards,
Om Rana"
12,Zenith Capital,contact@zenithcapital.example.com,94.6,EUR 1.5M seed - AI-assisted radiology platform (DACH fit),"Hi Zenith Capital team,

Given Zenith Capital's focus on Diagnostics and your work with companies like ScanIQ, I wanted to share an Austrian MedTech startup we believe fits your thesis: an AI-assisted radiology platform automating scan analysis and structured reporting, live in 3 hospital pilots with a CE/MDR pathway underway.

We are raising a EUR 1.5M seed round with tickets from EUR 250K, and your Pre-Seed sweet spot matches where we are. Happy to share the deck and pilot data if useful.

Best regards,
Om Rana"
13,Elbe Venture Partners,contact@elbeventurepartners.example.com,94.6,EUR 1.5M seed - AI-assisted radiology platform (DACH fit),"Hi Elbe Venture Partners team,

Given Elbe Venture Partners's focus on BioTech and your work with companies like CardioLink, I wanted to share an Austrian MedTech startup we believe fits your thesis: an AI-assisted radiology platform automating scan analysis and structured reporting, live in 3 hospital pilots with a CE/MDR pathway underway.

We are raising a EUR 1.5M seed round with tickets from EUR 250K, and your Seed sweet spot matches where we are. Happy to share the deck and pilot data if useful.

Best regards,
Om Rana"
14,Tessel VC,contact@tesselvc.example.com,94.6,EUR 1.5M seed - AI-assisted radiology platform (DACH fit),"Hi Tessel VC team,

Given Tessel VC's focus on BioTech and your work with companies like DermaCheck, I wanted to share an Austrian MedTech startup we believe fits your thesis: an AI-assisted radiology platform automating scan analysis and structured reporting, live in 3 hospital pilots with a CE/MDR pathway underway.

We are raising a EUR 1.5M seed round with tickets from EUR 250K, and your Seed sweet spot matches where we are. Happy to share the deck and pilot data if useful.

Best regards,
Om Rana"
15,Marble Group,contact@marblegroup.example.com,94.6,EUR 1.5M seed - AI-assisted radiology platform (DACH fit),"Hi Marble Group team,

Given Marble Group's focus on Digital Health and your work with companies like MediNotes, I wanted to share an Austrian MedTech startup we believe fits your thesis: an AI-assisted radiology platform automating scan analysis and structured reporting, live in 3 hospital pilots with a CE/MDR pathway underway.

We are raising a EUR 1.5M seed round with tickets from EUR 250K, and your Pre-Seed sweet spot matches where we are. Happy to share the deck and pilot data if useful.

Best regards,
Om Rana"
16,Polar Growth,contact@polargrowth.example.com,94.2,EUR 1.5M seed - AI-assisted radiology platform (DACH fit),"Hi Polar Growth team,

Given Polar Growth's focus on AI in Healthcare and your work with companies like TriageOS, I wanted to share an Austrian MedTech startup we believe fits your thesis: an AI-assisted radiology platform automating scan analysis and structured reporting, live in 3 hospital pilots with a CE/MDR pathway underway.

We are raising a EUR 1.5M seed round with tickets from EUR 250K, and your Seed sweet spot matches where we are. Happy to share the deck and pilot data if useful.

Best regards,
Om Rana"
17,Vertex Capital,contact@vertexcapital.example.com,92.5,EUR 1.5M seed - AI-assisted radiology platform (Europe fit),"Hi Vertex Capital team,

Given Vertex Capital's focus on AI in Healthcare and your work with companies like LabBridge, I wanted to share an Austrian MedTech startup we believe fits your thesis: an AI-assisted radiology platform automating scan analysis and structured reporting, live in 3 hospital pilots with a CE/MDR pathway underway.

We are raising a EUR 1.5M seed round with tickets from EUR 250K, and your Seed sweet spot matches where we are. Happy to share the deck and pilot data if useful.

Best regards,
Om Rana"
18,Femto Ventures,contact@femtoventures.example.com,92.5,EUR 1.5M seed - AI-assisted radiology platform (Europe fit),"Hi Femto Ventures team,

Given Femto Ventures's focus on Radiology AI and your work with companies like OrthoSense, I wanted to share an Austrian MedTech startup we believe fits your thesis: an AI-assisted radiology platform automating scan analysis and structured reporting, live in 3 hospital pilots with a CE/MDR pathway underway.

We are raising a EUR 1.5M seed round with tickets from EUR 250K, and your Seed sweet spot matches where we are. Happy to share the deck and pilot data if useful.

Best regards,
Om Rana"
19,Tyrol Partners,contact@tyrolpartners.example.com,91.2,EUR 1.5M seed - AI-assisted radiology platform (Europe fit),"Hi Tyrol Partners team,

Given Tyrol Partners's focus on BioTech and your work with companies like LabBridge, I wanted to share an Austrian MedTech startup we believe fits your thesis: an AI-assisted radiology platform automating scan analysis and structured reporting, live in 3 hospital pilots with a CE/MDR pathway underway.

We are raising a EUR 1.5M seed round with tickets from EUR 250K, and your Seed sweet spot matches where we are. Happy to share the deck and pilot data if useful.

Best regards,
Om Rana"
20,Vega Family Office,contact@vegafamilyoffice.example.com,91.1,EUR 1.5M seed - AI-assisted radiology platform (Europe fit),"Hi Vega Family Office team,

Given Vega Family Office's focus on BioTech and your work with companies like TriageOS, I wanted to share an Austrian MedTech startup we believe fits your thesis: an AI-assisted radiology platform automating scan analysis and structured reporting, live in 3 hospital pilots with a CE/MDR pathway underway.

We are raising a EUR 1.5M seed round with tickets from EUR 250K, and your Seed sweet spot matches where we are. Happy to share the deck and pilot data if useful.

Best regards,
Om Rana"
